{"cameraMode":{"drawMode":0,"name":"Shaded","section":"Shading Mode"},"sceneLighting":false,"audioPlay":false,"sceneViewState":{"m_AlwaysRefresh":false,"showFog":true,"showSkybox":false,"showFlares":true,"showImageEffects":true,"showParticleSystems":true,"showVisualEffectGraphs":true,"m_FxEnabled":true},"in2DMode":false,"pivot":{"x":352.364013671875,"y":441.1679992675781,"z":22.138999938964845},"rotation":{"x":-0.0028655778151005508,"y":-0.9957925081253052,"z":-0.08534832298755646,"w":0.0334647074341774},"size":0.37662971019744875,"orthographic":false}