{"cameraMode":{"drawMode":0,"name":"Shaded","section":"Shading Mode"},"sceneLighting":true,"audioPlay":false,"sceneViewState":{"m_AlwaysRefresh":false,"showFog":true,"showSkybox":true,"showFlares":true,"showImageEffects":true,"showParticleSystems":true,"showVisualEffectGraphs":true,"m_FxEnabled":true},"in2DMode":false,"pivot":{"x":25.26830291748047,"y":5.053101539611816,"z":11.486764907836914},"rotation":{"x":0.008736583404242993,"y":-0.9458949565887451,"z":-0.025544045493006707,"w":-0.32336583733558657},"size":19.08940887451172,"orthographic":false}