{"cameraMode":{"drawMode":0,"name":"Shaded","section":"Shading Mode"},"sceneLighting":true,"audioPlay":false,"sceneViewState":{"m_AlwaysRefresh":false,"showFog":true,"showSkybox":true,"showFlares":true,"showImageEffects":true,"showParticleSystems":true,"showVisualEffectGraphs":true,"m_FxEnabled":true},"in2DMode":false,"pivot":{"x":9.936731338500977,"y":12.558408737182618,"z":41.92163848876953},"rotation":{"x":0.003365432610735297,"y":-0.9947909116744995,"z":0.09579439461231232,"w":0.03492448478937149},"size":1.6071267127990723,"orthographic":false}